------------------------------------------------------------------------------
-- 1. Справочник национальностей (Nationality)
------------------------------------------------------------------------------
INSERT INTO Nationality (nationality_id, country_name) VALUES
  (1, 'Russia'),
  (2, 'Germany'),
  (3, 'USA'),
  (4, 'Belarus');

------------------------------------------------------------------------------
-- 2. Справочник позиций (Positions)
------------------------------------------------------------------------------
INSERT INTO Positions (position_id, pos_info) VALUES
  (1, 'Goalkeeper'),
  (2, 'Defender'),
  (3, 'Forward'),
  (4, 'Center');

------------------------------------------------------------------------------
-- 3. Руководители/менеджмент (Management)
------------------------------------------------------------------------------
INSERT INTO Management (
  manager_id, manager_ps_data, manager_date_birth, manager_phone,
  manager_pos, manager_first_name, manager_last_name, manager_middle_name
) VALUES
  (1, 'MGMT_PS_1', '1970-05-10', '+7(111)111-11-11', 
   'General manager', 'Sidorov', 'Sidr', 'Sidorovich'),
  (2, 'MGMT_PS_2', '1985-03-21', '+7(222)222-22-22', 
   'Sport manager', 'Petrov', 'Petr', 'Petrovich'),
  (3, 'MGMT_PS_3', '1990-11-20', '+7(333)333-33-33', 
   'HR manager', 'Ivanov', 'Igor', 'Ivanovich');

------------------------------------------------------------------------------
-- 4. Тренеры (Coaches)
------------------------------------------------------------------------------
INSERT INTO Coaches (
  coach_id, coach_ps_data, coach_date_birth, coach_phone,
  license_info, coach_first_name, coach_last_name, coach_middle_name
) VALUES
  -- Самый старший тренер (для запроса о "самом старшем")
  (1, 'PS_Coach_1', '1950-01-01', '+7(999)123-45-67',
   'License A', 'Ivanov', 'Ivan', 'Ivanovich'),

  (2, 'PS_Coach_2', '1960-05-15', '+7(999)222-33-44',
   'License B', 'Smirnov', 'Nikolay', 'Vladimirovich'),

  (3, 'PS_Coach_3', '1975-10-10', '+7(999)333-44-55',
   'License C', 'Smith', 'John', 'David'),

  (4, 'PS_Coach_4', '1980-03-08', '+7(999)444-55-66',
   'License A', 'Petrov', 'Petr', 'Petrovich'),

  (5, 'PS_Coach_5', '1972-02-20', '+7(999)555-66-77',
   'License B', 'Anderson', 'Max', NULL),

  (6, 'PS_Coach_6', '1988-07-25', '+7(999)666-77-88',
   'License D', 'Koltsov', 'Dmitry', 'Sergeevich');

------------------------------------------------------------------------------
-- 5. Игроки (Players)
--    Обратите внимание, что есть дубли по ФИО "Ivanov Ivan Ivanovich" (player_id=9),
--    что позволит проверить однофамильцев-тёзок (с тренером coach_id=1).
------------------------------------------------------------------------------
INSERT INTO Players (
  player_id,
  nationality_id, position_id,
  player_ps_data, player_date_birth,
  player_number, height, weight,
  player_phone,
  player_first_name, player_last_name, player_middle_name
) VALUES
  (1, 1, 1, 'PSdata p1', '1995-01-10', 10, 180, 75, '+7(901)111-11-11', 'Alexey', 'Ivanov', 'Petrovich'),
  (2, 1, 2, 'PSdata p2', '1993-02-12', 20, 185, 80, '+7(901)111-11-12', 'Dmitry', 'Sokolov', NULL),
  (3, 2, 3, 'PSdata p3', '1990-03-15',  9, 175, 70, '+7(901)111-11-13', 'Johann', 'Muller', NULL),
  (4, 2, 3, 'PSdata p4', '1992-07-07', 11, 178, 74, '+7(901)111-11-14', 'Johann', 'Muller', 'Karlovich'),
  (5, 1, 4, 'PSdata p5', '1988-12-01', 33, 195, 90, '+7(901)111-11-15', 'Sergey', 'Fedorov', NULL),
  (6, 2, 4, 'PSdata p6', '1970-11-11', 99, 190, 95, '+7(901)111-11-16', 'Andreas', 'Wolf', NULL),
  (7, 3, 1, 'PSdata p7', '1999-06-05',  1, 182, 78, '+1(123)999-99-99', 'Michael', 'Johnson', NULL),
  (8, 4, 3, 'PSdata p8', '1993-03-25', 15, 183, 77, '+7(901)111-11-17', 'Pavel', 'Gorshkov', NULL),
  -- Полный тёзка тренера coach_id=1 (Ivanov Ivan Ivanovich)
  (9, 1, 3, 'PSdata p9', '1989-01-15', 18, 173, 68, '+7(901)111-11-18', 'Ivan', 'Ivanov', 'Ivanovich'),
  (10,1, 4, 'PSdata p10','1990-04-10', 77, 170, 65, '+7(901)111-11-19','Andrey','Ivanov','Ivanovich'),
  -- Добавим ещё одного игрока-белоруса (для "однонационального состава")
  (11,4, 2, 'PSdata p11','1991-01-01', 54, 185, 82, '+7(901)111-11-88','Vasily','Kovalchuk','Dmitrievich');

------------------------------------------------------------------------------
-- 6. Спонсоры (Sponsors)
------------------------------------------------------------------------------
INSERT INTO Sponsors (sponsor_id, sponsor_name, contact_info) VALUES
  (1, 'Gazprom', 'contact gazprom'),
  (2, 'Nike',    'contact nike'),
  (3, 'Adidas',  'contact adidas'),
  (4, 'Sibur',   'contact sibur');

------------------------------------------------------------------------------
-- 7. Соревнования (Competitions)
------------------------------------------------------------------------------
INSERT INTO Competitions (
  comp_id, comp_name, season, final_league_rank, prize_money_received
) VALUES
  (1, 'KHL 2018/2019',    '2018/2019', 1, 1000000),
  (2, 'Champions Cup 19', '2019',      3,  500000),
  (3, 'Local Cup 2020',   '2020',      0,  100000);

------------------------------------------------------------------------------
-- 8. Таблица CompetitionSponsorship
------------------------------------------------------------------------------
INSERT INTO CompetitionSponsorship (
  comp_sponsor_id, comp_annual_payment,
  contr_start_date, contr_end_date
) VALUES
  (1, 500000, '2018-01-01', '2020-01-01'),
  (2, 200000, '2019-02-01', '2022-02-01'),
  (3, 100000, '2018-06-01', '2019-06-01');

------------------------------------------------------------------------------
-- 9. Связующая CompetitionToSponsor (comp_sponsor_id, comp_id)
------------------------------------------------------------------------------
INSERT INTO CompetitionToSponsor (comp_sponsor_id, comp_id) VALUES
  (1, 1),  -- Sponsorship #1 -> Competition #1 (KHL)
  (2, 2),  -- Sponsorship #2 -> Competition #2 (Champions Cup)
  (3, 3);  -- Sponsorship #3 -> Competition #3 (Local Cup)

------------------------------------------------------------------------------
-- 10. Матчи (Games) – привязаны к Competitions
------------------------------------------------------------------------------
INSERT INTO Games (
  game_id, comp_id, game_date,
  opponent_name, goals_scored, goals_conceded, tickets_sold,
  tactics, scheme
) VALUES
  (1, 1, '2019-03-10', 'CSKA',        3, 2, 10000, 'offensive',  '4-3-3'),
  (2, 1, '2019-03-15', 'Dynamo',      0, 0,  8000, 'defensive',   '5-3-2'), -- без пропущенных голов
  (3, 2, '2019-09-01', 'SomeTeam',    5, 1, 12000, 'balanced',    '4-4-2'),
  (4, 2, '2019-09-10', 'AnotherTeam', 2, 3,  9000, 'offensive',   '4-3-3'),
  (5, 3, '2020-01-20', 'TeamX',       7, 0, 15000, 'offensive',   '4-3-3'), -- много забитых
  (6, 1, '2020-02-10', 'Barys',       4, 0,  6000, 'defensive',   '5-4-1'), -- без пропущенных голов
  (7, 3, '2020-02-20', 'BelTeam',     2, 1,  5000, 'balanced',    '4-4-2'); -- игра с белорусами

------------------------------------------------------------------------------
-- 11. Связь PlayerToGame
--     Набор, показывающий, кто из игроков участвовал в конкретном матче
------------------------------------------------------------------------------
INSERT INTO PlayerToGame (player_id, game_id) VALUES
  -- Game #1
  (1, 1), (2, 1), (3, 1),
  -- Game #2
  (1, 2), (9, 2),
  -- Game #3
  (2, 3), (3, 3), (6, 3),
  -- Game #4
  (4, 4), (5, 4), (9, 4),
  -- Game #5
  (7, 5), (8, 5), (9, 5), (10, 5),
  -- Game #6
  (1, 6), (2, 6), (3, 6),
  -- Game #7 (только белорусы #8, #11 => «однонациональный»)
  (8, 7), (11, 7);

------------------------------------------------------------------------------
-- 12. Связь CoachToGame
--     Показывает, какие тренеры были задействованы в конкретном матче
------------------------------------------------------------------------------
-- Заметим:
--  - Для запроса «состав, где >5 тренеров» – используем игру #5, там все 6!
--  - Для запросов по «2 и более составов без пропущенных шайб» тренер #1 (игры #2 и #6)
INSERT INTO CoachToGame (coach_id, game_id) VALUES
  -- Game #1 -> Coach #2
  (2, 1),
  -- Game #2 -> Coach #1 (и нет пропущенных голов)
  (1, 2),
  -- Game #3 -> Coach #3
  (3, 3),
  -- Game #4 -> Coach #4
  (4, 4),
  -- Game #5 -> все 6 тренеров (для "имеющем более 5 тренеров")
  (1, 5), (2, 5), (3, 5), (4, 5), (5, 5), (6, 5),
  -- Game #6 -> Coach #1 (снова без пропущенных голов)
  (1, 6),
  -- Game #7 -> Coach #5 (просто пример)
  (5, 7);

------------------------------------------------------------------------------
-- 13. Контракты (Contracts) – связка (player_id, sponsor_id)
--     Здесь закладываются даты начала/окончания, суммы, чтобы протестировать:
--       - годы подписания контрактов (query #25),
--       - контракты на >=3 лет (query #26),
--       - «только один русский игрок» у спонсора (query #28),
--       - повторные контракты одного спонсора с тем же игроком (query #32),
--       - контракты, истекающие в текущем месяце (query #33),
--       - «последние три контракта» (query #34),
--       - спонсор, не заключавший контракты >3 лет (query #46), и пр.
------------------------------------------------------------------------------
INSERT INTO Contracts (
  contract_id,
  player_id, sponsor_id,
  contract_number,
  signing_date, start_date, end_date,
  club_salary, sponsor_annual_payment
) VALUES
  -- 4 контракта в 2018-м с русскими игроками (#1,#2,#5,#9) и спонсором #1 (Gazprom),
  -- чтобы в 2018 году было больше 2 контрактов (query #25).
  (1,  1, 1, 111, '2018-01-01', '2018-05-01', '2021-05-01', 50000, 100000),
  (2,  2, 1, 112, '2018-02-05', '2018-06-01', '2021-06-01', 40000,  80000),
  (3,  5, 1, 113, '2018-03-10', '2018-07-01', '2022-07-01', 60000, 120000),
  (4,  9, 1, 114, '2018-04-20', '2018-08-01', '2020-08-01', 30000,  50000),

  -- Спонсор #2 (Nike) спонсирует только ОДНОГО русского (#9) => query #28
  (5,  9, 2, 201, '2019-01-15', '2019-05-01', '2020-05-01', 35000, 40000),

  -- Спонсор #3 (Adidas) с немецкими игроками (#3, #4, #6) => проверка "наибольшее кол-во из Германии" (#31)
  (6,  3, 3, 301, '2019-02-01', '2019-07-01', '2022-07-01', 20000, 70000),
  (7,  4, 3, 302, '2019-02-01', '2019-07-01', '2022-07-01', 21000, 75000),
  (8,  6, 3, 303, '2019-02-01', '2019-07-01', '2022-07-01', 22000, 80000),

  -- Игрок #5 (Fedorov) подписывает несколько контрактов с разными спонсорами (1..4),
  -- чтобы показать "игрок, у которого контракты со всеми спонсорами" (#45)
  (9,  5, 2,  202, '2020-05-01', '2020-06-01', '2021-06-01', 70000,  90000),
  (10, 5, 3,  303, '2021-01-10', '2021-02-01', '2022-02-01', 50000,  95000),
  (11, 5, 4,  401, '2021-05-05', '2021-06-01', '2024-06-01', 65000, 120000),

  -- Повторные контракты одного спонсора (#4) с тем же игроком (#1) => query #32
  (12, 1, 4, 402, '2020-01-01', '2020-02-01', '2021-02-01', 45000, 130000),
  (13, 1, 4, 403, '2020-02-01', '2020-03-01', '2021-03-01', 47000, 135000),

  -- Контракт, который закончится в «текущем месяце» (предположим, что сейчас апрель 2025) => query #33
  (14, 2, 1, 115, '2024-03-15', '2024-04-01', '2025-04-20', 45000, 70000),

  -- Пара "последних" контрактов (подписаны в 2025-м) — для выборки "последние 3"
  (15,10, 1, 116, '2025-01-02', '2025-01-10', '2027-01-10', 55000, 110000),
  (16, 2, 3, 304, '2025-01-03', '2025-01-10', '2026-01-10', 50000,  95000);

------------------------------------------------------------------------------
-- 14. Назначения в тренерский штаб (CoachingStaffAssignments),
--     связанные с (coach_id, manager_id)
------------------------------------------------------------------------------
INSERT INTO CoachingStaffAssignments (
  assignment_id, coach_id, manager_id,
  assignment_date, role_assigned,
  assignment_start_date, assignment_end_date
) VALUES
  (1, 1, 1, '2020-01-01', 'Head Coach',  '2020-01-01', '2022-01-01'),
  (2, 2, 1, '2020-01-02', 'Assistant',   '2020-01-01', '2021-01-01'),
  (3, 3, 2, '2020-01-03', 'Coach',       '2020-01-01', '2022-01-01'),
  (4, 4, 2, '2020-01-04', 'Assistant',   '2020-01-01', '2021-01-01'),
  (5, 5, 3, '2020-02-01', 'Fitness',     '2020-02-01', '2023-02-01'),
  (6, 6, 3, '2020-02-05', 'Analyst',     '2020-02-01', '2021-02-01');
